Date,Close
2015-01-05,19.684
2015-01-06,19.610001
2015-01-07,19.700001
2015-01-08,20.139999
2015-01-09,19.969999
2015-01-12,20.15
2015-01-13,19.99
2015-01-14,19.93
2015-01-15,19.48
2015-01-16,19.610001
2015-01-20,19.889999
2015-01-21,20.25
2015-01-22,20.528
2015-01-23,20.629999
2015-01-26,20.75
2015-01-27,20.440001
2015-01-28,20.35
2015-01-29,20.389999
2015-01-30,20.24
2015-02-02,20.367001
2015-02-03,20.23
2015-02-04,20.459999
2015-02-05,20.84
2015-02-06,20.792
2015-02-09,20.677999
2015-02-10,20.85
2015-02-11,21.025999
2015-02-12,21.184
2015-02-13,21.450001
2015-02-17,21.34
2015-02-18,21.370001
2015-02-19,21.540001
2015-02-20,21.684
2015-02-23,21.48
2015-02-24,21.422001
2015-02-25,21.43
2015-02-26,21.639999
2015-02-27,21.51
2015-03-02,21.499001
2015-03-03,21.34
2015-03-04,21.219
2015-03-05,21.351999
2015-03-06,20.966
2015-03-09,20.799999
2015-03-10,20.577999
2015-03-11,20.665001
2015-03-12,20.68
2015-03-13,20.615999
2015-03-16,20.799999
2015-03-17,20.870001
2015-03-18,20.799999
2015-03-19,21.1
2015-03-20,21.33
2015-03-23,21.290001
2015-03-24,21.290001
2015-03-25,20.809999
2015-03-26,20.790001
2015-03-27,20.76
2015-03-30,21
2015-03-31,20.834999
2015-04-01,20.5
2015-04-02,20.658001
2015-04-06,20.969999
2015-04-07,20.959999
2015-04-08,21.216
2015-04-09,21.32
2015-04-10,21.49
2015-04-13,21.530001
2015-04-14,21.389999
2015-04-15,21.6
2015-04-16,21.84
2015-04-17,21.4
2015-04-20,21.5
2015-04-21,21.591999
2015-04-22,21.76
2015-04-23,21.985001
2015-04-24,21.987
2015-04-27,22.23
2015-04-28,21.73
2015-04-29,21.549999
2015-04-30,20.955
2015-05-01,20.790001
2015-05-04,21.011999
2015-05-05,20.77
2015-05-06,20.639999
2015-05-07,20.860001
2015-05-08,20.84
2015-05-11,21
2015-05-12,20.9
2015-05-13,21.01
2015-05-14,21.18
2015-05-15,21.132
2015-05-18,21.249001
2015-05-19,21.26
2015-05-20,21.219999
2015-05-21,21.41
2015-05-22,21.457001
2015-05-26,21.309999
2015-05-27,21.32
2015-05-28,21.58
2015-05-29,21.596001
2015-06-01,21.52
2015-06-02,21.558001
2015-06-03,21.68
2015-06-04,21.6
2015-06-05,21.625
2015-06-08,21.6
2015-06-09,21.459999
2015-06-10,21.85
2015-06-11,21.780001
2015-06-12,21.65
2015-06-15,21.370001
2015-06-16,21.620001
2015-06-17,21.83
2015-06-18,22.049999
2015-06-19,22
2015-06-22,22.049999
2015-06-23,22.23
2015-06-24,21.940001
2015-06-25,21.9
2015-06-26,21.74
2015-06-29,21.16
2015-06-30,21.35
2015-07-01,21.309999
2015-07-02,21.247999
2015-07-06,21.098
2015-07-07,20.98
2015-07-08,20.780001
2015-07-09,20.950001
2015-07-10,21.17
2015-07-13,21.440001
2015-07-14,21.565001
2015-07-15,21.415001
2015-07-16,21.848
2015-07-17,21.92
2015-07-20,21.950001
2015-07-21,21.870001
2015-07-22,21.65
2015-07-23,21.799999
2015-07-24,21.9
2015-07-27,21.65
2015-07-28,21.969999
2015-07-29,21.82
2015-07-30,21.65
2015-07-31,21.5
2015-08-03,21.110001
2015-08-04,21.049999
2015-08-05,21.1
2015-08-06,20.799999
2015-08-07,20.777
2015-08-10,21.280001
2015-08-11,20.997999
2015-08-12,20.799999
2015-08-13,20.988001
2015-08-14,20.959999
2015-08-17,21.117001
2015-08-18,20.98
2015-08-19,20.75
2015-08-20,19.889999
2015-08-21,19.530001
2015-08-24,18.959999
2015-08-25,19.379999
2015-08-26,19.445
2015-08-27,20.044001
2015-08-28,20.24
2015-08-31,20.1
2015-09-01,19.370001
2015-09-02,19.584999
2015-09-03,19.809999
2015-09-04,19.42
2015-09-08,20.02
2015-09-09,20.09
2015-09-10,20.01
2015-09-11,20.110001
2015-09-14,20.07
2015-09-15,20.33
2015-09-16,20.57
2015-09-17,20.75
2015-09-18,20.43
2015-09-21,20.299999
2015-09-22,19.879999
2015-09-23,19.84
2015-09-24,19.610001
2015-09-25,19.4
2015-09-28,19
2015-09-29,18.690001
2015-09-30,18.790001
2015-10-01,18.530001
2015-10-02,19.08
2015-10-05,19.52
2015-10-06,19.23
2015-10-07,19.51
2015-10-08,19.389999
2015-10-09,19.825001
2015-10-12,19.67
2015-10-13,19.6
2015-10-14,19.5
2015-10-15,19.525
2015-10-16,19.809999
2015-10-19,19.809999
2015-10-20,19.496
2015-10-21,19.66
2015-10-22,19.448999
2015-10-23,19.809999
2015-10-26,19.780001
2015-10-27,19.610001
2015-10-28,19.82
2015-10-29,19.719999
2015-10-30,19.9
2015-11-02,20.459999
2015-11-03,20.455
2015-11-04,20.836
2015-11-05,20.66
2015-11-06,20.848
2015-11-09,20.684999
2015-11-10,20.433001
2015-11-11,20.389999
2015-11-12,20.040001
2015-11-13,19.82
2015-11-16,19.92
2015-11-17,19.948
2015-11-18,20.190001
2015-11-19,20.51
2015-11-20,20.65
2015-11-23,20.68
2015-11-24,20.629999
2015-11-25,20.9
2015-11-27,21.27
2015-11-30,21.200001
2015-12-01,21.309999
2015-12-02,21.360001
2015-12-03,20.85
2015-12-04,21.055
2015-12-07,20.790001
2015-12-08,20.99
2015-12-09,20.715
2015-12-10,21.07
2015-12-11,20.92
2015-12-14,20.209999
2015-12-15,20.552
2015-12-16,20.780001
2015-12-17,20.993
2015-12-18,20.93
2015-12-21,20.870001
2015-12-22,20.959999
2015-12-23,21.267
2015-12-24,20.879
2015-12-28,20.91
2015-12-29,20.780001
2015-12-30,20.84
2015-12-31,20.459999
2016-01-04,20.01
2016-01-05,20.17
2016-01-06,19.83
2016-01-07,19.049999
2016-01-08,18.83
2016-01-11,18.17
2016-01-12,18.434999
2016-01-13,17.870001
2016-01-14,18.030001
2016-01-15,17.32
2016-01-19,17.5
2016-01-20,17.049999
2016-01-21,17.200001
2016-01-22,17.530001
2016-01-25,17.32
2016-01-26,17.049999
2016-01-27,16.877001
2016-01-28,16.48
2016-01-29,16.74
2016-02-01,16.875
2016-02-02,16.459999
2016-02-03,16.367001
2016-02-04,16.52
2016-02-05,15.5
2016-02-08,14.8
2016-02-09,14.86
2016-02-10,15.055
2016-02-11,14.78
2016-02-12,14.95
2016-02-16,15.55
2016-02-17,16.129999
2016-02-18,16.07
2016-02-19,16.1
2016-02-22,16.469999
2016-02-23,16.299999
2016-02-24,16.440001
2016-02-25,16.530001
2016-02-26,17.02
2016-02-29,17.1
2016-03-01,17.485001
2016-03-02,17.73
2016-03-03,18.145
2016-03-04,18.540001
2016-03-07,18.51
2016-03-08,18.209999
2016-03-09,17.98
2016-03-10,17.813
2016-03-11,17.93
2016-03-14,18.4
2016-03-15,17.84
2016-03-16,17.99
2016-03-17,18.1
2016-03-18,18.507999
2016-03-21,18.684999
2016-03-22,18.870001
2016-03-23,18.870001
2016-03-24,18.27
2016-03-28,18.27
2016-03-29,18.834999
2016-03-30,18.9
2016-03-31,19.129999
2016-04-01,19.129999
2016-04-04,19.530001
2016-04-05,19.4
2016-04-06,19.483
2016-04-07,19.5
2016-04-08,19.389999
2016-04-11,19.389999
2016-04-12,19.49
2016-04-13,19.809999
2016-04-14,20.02
2016-04-15,19.77
2016-04-18,19.816
2016-04-19,19.393999
2016-04-20,19.565001
2016-04-21,19.757
2016-04-22,19.709999
2016-04-25,19.620001
2016-04-26,19.570999
2016-04-27,19.469999
2016-04-28,19.594999
2016-04-29,18.879999
2016-05-02,19
2016-05-03,18.719999
2016-05-04,18.209999
2016-05-05,18.16
2016-05-06,17.940001
2016-05-09,18.299999
2016-05-10,18.441999
2016-05-11,18.308001
2016-05-12,17.948999
2016-05-13,18.110001
2016-05-16,18.280001
2016-05-17,18.15
2016-05-18,18.280001
2016-05-19,17.969
2016-05-20,18.200001
2016-05-23,18.375999
2016-05-24,18.92
2016-05-25,19.09
2016-05-26,19.219999
2016-05-27,19.290001
2016-05-31,19.49
2016-06-01,19.52
2016-06-02,19.742001
2016-06-03,19.57
2016-06-06,19.92
2016-06-07,19.93
2016-06-08,19.92
2016-06-09,19.629999
2016-06-10,19.6
2016-06-13,19.309999
2016-06-14,19.24
2016-06-15,19.4
2016-06-16,19.42
2016-06-17,19.57
2016-06-20,19.67
2016-06-21,19.58
2016-06-22,19.438
2016-06-23,19.620001
2016-06-24,18.959999
2016-06-27,18.26
2016-06-28,18.698
2016-06-29,19.160999
2016-06-30,19.290001
2016-07-01,19.451
2016-07-05,19.247999
2016-07-06,19.190001
2016-07-07,19.620001
2016-07-08,20.030001
2016-07-11,20.110001
2016-07-12,20.459999
2016-07-13,20.48
2016-07-14,20.285
2016-07-15,20.295
2016-07-18,20.472
2016-07-19,20.09
2016-07-20,20.416
2016-07-21,20.379999
2016-07-22,20.135
2016-07-25,20.125
2016-07-26,20.34
2016-07-27,20.517
2016-07-28,20.700001
2016-07-29,20.59
2016-08-01,20.631001
2016-08-02,20.212999
2016-08-03,20.43
2016-08-04,20.68
2016-08-05,20.832001
2016-08-08,20.9
2016-08-09,20.9
2016-08-10,20.931
2016-08-11,21.105
2016-08-12,21.18
2016-08-15,21.18
2016-08-16,21.33
2016-08-17,21.164
2016-08-18,21.225
2016-08-19,21.08
2016-08-22,21.166
2016-08-23,21.268
2016-08-24,21.24
2016-08-25,20.92
2016-08-26,20.889999
2016-08-29,21.039
2016-08-30,20.834999
2016-08-31,20.614
2016-09-01,20.469999
2016-09-02,20.693001
2016-09-06,21.169001
2016-09-07,21.277
2016-09-08,21.278999
2016-09-09,20.98
2016-09-12,20.98
2016-09-13,20.607
2016-09-14,20.719999
2016-09-15,21.200001
2016-09-16,21.200001
2016-09-19,21.379999
2016-09-20,21.450001
2016-09-21,21.25
2016-09-22,21.85
2016-09-23,21.858999
2016-09-26,21.690001
2016-09-27,22.105
2016-09-28,22.16
2016-09-29,21.959999
2016-09-30,22.18
2016-10-03,22.209999
2016-10-04,22.08
2016-10-05,22.393
2016-10-06,21.82
2016-10-07,21.701
2016-10-10,21.9
2016-10-11,21
2016-10-12,20.85
2016-10-13,20.589001
2016-10-14,20.379999
2016-10-17,20.24
2016-10-18,20.57
2016-10-19,20.65
2016-10-20,20.57
2016-10-21,20.530001
2016-10-24,20.667999
2016-10-25,20.43
2016-10-26,20.33
2016-10-27,20.166
2016-10-28,19.98
2016-10-31,19.917
2016-11-01,19.719
2016-11-02,19.32
2016-11-03,19.200001
2016-11-04,19.254
2016-11-07,19.82
2016-11-08,19.99
2016-11-09,20.045
2016-11-10,20.440001
2016-11-11,20.361
2016-11-14,20.68
2016-11-15,20.594999
2016-11-16,20.594999
2016-11-17,20.719999
2016-11-18,20.65
2016-11-21,20.879999
2016-11-22,20.931
2016-11-23,20.83
2016-11-25,20.950001
2016-11-28,20.860001
2016-11-29,20.360001
2016-11-30,20.110001
2016-12-01,19.639999
2016-12-02,19.795
2016-12-05,20.198
2016-12-06,20.174999
2016-12-07,20.08
2016-12-08,20.326
2016-12-09,20.4
2016-12-12,20.399
2016-12-13,20.549999
2016-12-14,20.410999
2016-12-15,20.781
2016-12-16,20.83
2016-12-19,20.889999
2016-12-20,20.827999
2016-12-21,20.5
2016-12-22,20.219999
2016-12-23,20.309999
2016-12-27,20.715
2016-12-28,20.290001
2016-12-29,20.190001
2016-12-30,20.049999
2017-01-03,20.437
2017-01-04,21.360001
2017-01-05,21.15
2017-01-06,21.365
2017-01-09,21.645
2017-01-10,21.950001
2017-01-11,21.780001
2017-01-12,21.83
2017-01-13,22.059999
2017-01-17,21.719999
2017-01-18,21.799999
2017-01-19,21.83
2017-01-20,21.849001
2017-01-23,21.898001
2017-01-24,22.059999
2017-01-25,22.245001
2017-01-26,22.110001
2017-01-27,22.174999
2017-01-30,22.003
2017-01-31,22.091
2017-02-01,22.274
2017-02-02,22.41
2017-02-03,22.379999
2017-02-06,22.389999
2017-02-07,22.280001
2017-02-08,22.49
2017-02-09,22.924999
2017-02-10,22.969999
2017-02-13,23.049999
2017-02-14,23.219999
2017-02-15,23.167999
2017-02-16,22.98
2017-02-17,23.139999
2017-02-21,23.200001
2017-02-22,23.173
2017-02-23,22.969999
2017-02-24,22.860001
2017-02-27,23.27
2017-02-28,23.125
2017-03-01,23.495001
2017-03-02,23.25
2017-03-03,23.200001
2017-03-06,23.27
2017-03-07,23.245001
2017-03-08,23.239
2017-03-09,22.995001
2017-03-10,23.209999
2017-03-13,23.43
2017-03-14,23.379999
2017-03-15,23.594999
2017-03-16,23.719999
2017-03-17,23.712999
2017-03-20,23.700001
2017-03-21,23.039
2017-03-22,23.02
2017-03-23,23.025
2017-03-24,23.16
2017-03-27,23.43
2017-03-28,23.594999
2017-03-29,23.790001
2017-03-30,23.85
2017-03-31,23.959999
2017-04-03,24.030001
2017-04-04,23.93
2017-04-05,23.655001
2017-04-06,23.766001
2017-04-07,23.944
2017-04-10,24.087
2017-04-11,24.027
2017-04-12,23.816
2017-04-13,23.85
2017-04-17,23.986
2017-04-18,24.16
2017-04-19,24.299999
2017-04-20,24.549999
2017-04-21,24.34
2017-04-24,24.68
2017-04-25,25.02
2017-04-26,25.33
2017-04-27,25.58
2017-04-28,25.17
2017-05-01,25.709999
2017-05-02,25.68
2017-05-03,25.59
2017-05-04,25.5
2017-05-05,25.76
2017-05-08,25.690001
2017-05-09,26.27
2017-05-10,26.518999
2017-05-11,26.569
2017-05-12,26.711
2017-05-15,26.950001
2017-05-16,27.075001
2017-05-17,26.120001
2017-05-18,26.879999
2017-05-19,26.93
2017-05-22,27.35
2017-05-23,27.440001
2017-05-24,28.26
2017-05-25,28.610001
2017-05-26,28.25
2017-05-30,28.139999
2017-05-31,28.35
2017-06-01,28.959999
2017-06-02,29.16
2017-06-05,29.209999
2017-06-06,29.41
2017-06-07,29.454
2017-06-08,29.75
2017-06-09,28.826
2017-06-12,28.27
2017-06-13,28.709999
2017-06-14,28.459999
2017-06-15,28.360001
2017-06-16,28.528999
2017-06-19,29.32
2017-06-20,29.35
2017-06-21,29.77
2017-06-22,30.049999
2017-06-23,30.299999
2017-06-26,29.85
2017-06-27,29.205999
2017-06-28,29.785999
2017-06-29,29.226999
2017-06-30,28.950001
2017-07-03,28.799999
2017-07-05,28.99
2017-07-06,28.4
2017-07-07,28.58
2017-07-10,28.540001
2017-07-11,28.9
2017-07-12,29.389999
2017-07-13,29.26
2017-07-14,29.315001
2017-07-17,29.110001
2017-07-18,29.43
2017-07-19,29.469999
2017-07-20,29.73
2017-07-21,29.950001
2017-07-24,30.379999
2017-07-25,30.299999
2017-07-26,30.290001
2017-07-27,29.83
2017-07-28,29.969999
2017-07-31,29.622
2017-08-01,29.700001
2017-08-02,29.812
2017-08-03,30.035
2017-08-04,30.4
2017-08-07,30.969999
2017-08-08,30.92
2017-08-09,30.639999
2017-08-10,30.09
2017-08-11,30.75
2017-08-14,31.75
2017-08-15,31.280001
2017-08-16,31.530001
2017-08-17,30.969999
2017-08-18,30.75
2017-08-21,30.75
2017-08-22,31.32
2017-08-23,31.49
2017-08-24,31.74
2017-08-25,31.657
2017-08-28,32.310001
2017-08-29,32.799999
2017-08-30,33.419998
2017-08-31,34.141998
2017-09-01,33.639999
2017-09-05,33.43
2017-09-06,33.639999
2017-09-07,33.75
2017-09-08,33.27
2017-09-11,33.720001
2017-09-12,33.869999
2017-09-13,33.720001
2017-09-14,33.549999
2017-09-15,33.950001
2017-09-18,34.360001
2017-09-19,34.209999
2017-09-20,34.299999
2017-09-21,33.970001
2017-09-22,33.900002
2017-09-25,33.380001
2017-09-26,33.25
2017-09-27,33.830002
2017-09-28,34.119999
2017-09-29,34.287998
2017-10-02,34.470001
2017-10-03,34.799999
2017-10-04,34.66
2017-10-05,35.119999
2017-10-06,35.02
2017-10-09,34.946999
2017-10-10,34.790001
2017-10-11,34.810001
2017-10-12,34.919998
2017-10-13,34.785
2017-10-16,34.689999
2017-10-17,34.73
2017-10-18,34.689999
2017-10-19,34.360001
2017-10-20,34.84
2017-10-23,34.52
2017-10-24,34.360001
2017-10-25,33.73
2017-10-26,34.209999
2017-10-27,34.849998
2017-10-30,35.040001
2017-10-31,35.509998
2017-11-01,34.959999
2017-11-02,34.830002
2017-11-03,35.299999
2017-11-06,35.240002
2017-11-07,34.889999
2017-11-08,34.93
2017-11-09,34.66
2017-11-10,34.700001
2017-11-13,34.849998
2017-11-14,34.509998
2017-11-15,34.599998
2017-11-16,35.299999
2017-11-17,35.48
2017-11-20,35.84
2017-11-21,36.439999
2017-11-22,36.759998
2017-11-24,36.939999
2017-11-27,37.259998
2017-11-28,37.669998
2017-11-29,36.98
2017-11-30,37.200001
2017-12-01,37.400002
2017-12-04,36.740002
2017-12-05,36.349998
2017-12-06,36.52
2017-12-07,37.060001
2017-12-08,36.740002
2017-12-11,36.990002
2017-12-12,37.540001
2017-12-13,37.599998
2017-12-14,37.57
2017-12-15,38.450001
2017-12-18,39.939999
2017-12-19,39.09
2017-12-20,38.330002
2017-12-21,37.75
2017-12-22,37.75
2017-12-26,38.259998
2017-12-27,37.549999
2017-12-28,37.439999
2017-12-29,37.080002
2018-01-02,38.580002
2018-01-03,38.740002
2018-01-04,38.869999
2018-01-05,39.5
2018-01-08,39.23
2018-01-09,39.310001
2018-01-10,39.41
2018-01-11,39.509998
2018-01-12,39.709999
2018-01-16,38.82
2018-01-17,39.73
2018-01-18,39.869999
2018-01-19,39.939999
2018-01-22,41.049999
2018-01-23,41.57
2018-01-24,41.32
2018-01-25,41.290001
2018-01-26,42.049999
2018-01-29,42.330002
2018-01-30,41.599998
2018-01-31,41.240002
2018-02-01,40.75
2018-02-02,39.799999
2018-02-05,38.389999
2018-02-06,39.290001
2018-02-07,39.84
2018-02-08,38.099998
2018-02-09,38.369999
2018-02-12,38.82
2018-02-13,39.271999
2018-02-14,40.279999
2018-02-15,41.09
2018-02-16,41.060001
2018-02-20,41.02
2018-02-21,41.07
2018-02-22,40.990002
2018-02-23,41.509998
2018-02-26,42.360001
2018-02-27,41.689999
2018-02-28,40.91
2018-03-01,40.77
2018-03-02,41.709999
2018-03-05,42.560001
2018-03-06,42.959999
2018-03-07,43.610001
2018-03-08,44
2018-03-09,44.889999
2018-03-12,44.98
2018-03-13,44.439999
2018-03-14,44.130001
2018-03-15,43.630001
2018-03-16,43.419998
2018-03-19,42.599998
2018-03-20,42.68
2018-03-21,42.669998
2018-03-22,41.459999
2018-03-23,40.650002
2018-03-26,41.509998
2018-03-27,39.389999
2018-03-28,38.389999
2018-03-29,39.07
2018-04-02,37.810001
2018-04-03,38.349998
2018-04-04,39.27
2018-04-05,39.529999
2018-04-06,38.439999
2018-04-09,38.68
2018-04-10,39.919998
2018-04-11,40.09
2018-04-12,40.52
2018-04-13,40.240002
2018-04-16,40.220001
2018-04-17,41.380001
2018-04-18,41.66
2018-04-19,41.23
2018-04-20,40.869999
2018-04-23,40.200001
2018-04-24,39.630001
2018-04-25,38.860001
2018-04-26,39.540001
2018-04-27,39.380001
2018-04-30,39.09
2018-05-01,39.57
2018-05-02,39.549999
2018-05-03,39.290001
2018-05-04,39.91
2018-05-07,40.950001
2018-05-08,41.290001
2018-05-09,42.34
2018-05-10,42.669998
2018-05-11,42.876999
2018-05-14,42.950001
2018-05-15,42.73
2018-05-16,43.07
2018-05-17,43.130001
2018-05-18,42.619999
2018-05-21,42.740002
2018-05-22,42.869999
2018-05-23,43.34
2018-05-24,43.25
2018-05-25,43.189999
2018-05-29,43.07
2018-05-30,43.669998
2018-05-31,43.48
2018-06-01,43.77
2018-06-04,44.509998
2018-06-05,45.09
2018-06-06,45.869999
2018-06-07,45.43
2018-06-08,45.700001
2018-06-11,45.779999
2018-06-12,46.169998
2018-06-13,46.400002
2018-06-14,47.27
2018-06-15,47.279999
2018-06-18,47.849998
2018-06-19,47.419998
2018-06-20,48.369999
2018-06-21,47.220001
2018-06-22,46.610001
2018-06-25,45.290001
2018-06-26,45.77
2018-06-27,44.450001
2018-06-28,44.970001
2018-06-29,44.98
2018-07-02,45.599998
2018-07-03,45.150002
2018-07-05,45.77
2018-07-06,46.700001
2018-07-09,47.169998
2018-07-10,46.959999
2018-07-11,46.919998
2018-07-12,47.75
2018-07-13,47.740002
2018-07-16,46.939999
2018-07-17,47.450001
2018-07-18,47.310001
2018-07-19,47.529999
2018-07-20,47.27
2018-07-23,47.110001
2018-07-24,45.880001
2018-07-25,46.860001
2018-07-26,46.5
2018-07-27,44.720001
2018-07-30,43.599998
2018-07-31,44.549999
2018-08-01,44.73
2018-08-02,45.869999
2018-08-03,45.470001
2018-08-06,45.939999
2018-08-07,46.599998
2018-08-08,46.650002
2018-08-09,46.82
2018-08-10,46.93
2018-08-13,46.610001
2018-08-14,46.880001
2018-08-15,45.919998
2018-08-16,46.400002
2018-08-17,45.830002
2018-08-20,46.380001
2018-08-21,47.369999
2018-08-22,47.41
2018-08-23,47.34
2018-08-24,48.060001
2018-08-27,48.880001
2018-08-28,48.990002
2018-08-29,49.630001
2018-08-30,49.599998
2018-08-31,49.700001
2018-09-04,49.169998
2018-09-05,47.990002
2018-09-06,47.040001
2018-09-07,46.73
2018-09-10,46.860001
2018-09-11,47.43
2018-09-12,47.580002
2018-09-13,47.939999
2018-09-14,48.240002
2018-09-17,47.279999
2018-09-18,48.139999
2018-09-19,48.110001
2018-09-20,48.330002
2018-09-21,47.16
2018-09-24,47.330002
2018-09-25,47.77
2018-09-26,47.810001
2018-09-27,48.209999
2018-09-28,47.34
2018-10-01,47.41
2018-10-02,46.189999
2018-10-03,46.279999
2018-10-04,44.830002
2018-10-05,43.98
2018-10-08,43.16
2018-10-09,43.360001
2018-10-10,41.099998
2018-10-11,40.700001
2018-10-12,42.02
2018-10-15,41.639999
2018-10-16,43.630001
2018-10-17,43.369999
2018-10-18,42.099998
2018-10-19,41.32
2018-10-22,41.439999
2018-10-23,41.759998
2018-10-24,39.389999
2018-10-25,41.23
2018-10-26,40.900002
2018-10-29,40.490002
2018-10-30,41.52
2018-10-31,42.580002
2018-11-01,44.720001
2018-11-02,45.48
2018-11-05,44.82
2018-11-06,44.830002
2018-11-07,45.959999
2018-11-08,45.240002
2018-11-09,44.375999
2018-11-12,42.759998
2018-11-13,43.110001
2018-11-14,42.59
2018-11-15,43.84
2018-11-16,43.669998
2018-11-19,41.580002
2018-11-20,40.82
2018-11-21,41.740002
2018-11-23,41.709999
2018-11-26,42.950001
2018-11-27,42.529999
2018-11-28,44.18
2018-11-29,44.049999
2018-11-30,44.450001
2018-12-03,45.529999
2018-12-04,43.27
2018-12-06,43.540001
2018-12-07,42.099998
2018-12-10,42.540001
2018-12-11,42.459999
2018-12-12,43.310001
2018-12-13,42.639999
2018-12-14,41.77
2018-12-17,39.919998
2018-12-18,39.889999
2018-12-19,39.279999
2018-12-20,37.82
2018-12-21,35.849998
2018-12-24,35.34
2018-12-26,37.52
2018-12-27,36.400002
2018-12-28,36.77
2018-12-31,37.189999
2019-01-02,37.419998
2019-01-03,36.189999
2019-01-04,38.43
2019-01-07,40.099998
2019-01-08,40.220001
2019-01-09,41.48
2019-01-10,41.689999
2019-01-11,41.779999
2019-01-14,41.029999
2019-01-15,42.279999
2019-01-16,42.310001
2019-01-17,42.639999
2019-01-18,42.799999
2019-01-22,41.110001
2019-01-23,40.700001
2019-01-24,41.580002
2019-01-25,42.57
2019-01-28,41.68
2019-01-29,41.25
2019-01-30,42.27
2019-01-31,43.049999
2019-02-01,43.110001
2019-02-04,43.799999
2019-02-05,43.919998
2019-02-06,43.959999
2019-02-07,42.490002
2019-02-08,42.990002
2019-02-11,43.419998
2019-02-12,44.25
2019-02-13,44.540001
2019-02-14,44.66
2019-02-15,45.189999
2019-02-19,45.220001
2019-02-20,45.59
2019-02-21,44.700001
2019-02-22,45.77
2019-02-25,46.389999
2019-02-26,46.040001
2019-02-27,46.720001
2019-02-28,46.560001
2019-03-01,46.799999
2019-03-04,46.23
2019-03-05,46.360001
2019-03-06,45.360001
2019-03-07,44.57
2019-03-08,44.860001
2019-03-11,46.419998
2019-03-12,46.549999
2019-03-13,46.939999
2019-03-14,46.639999
2019-03-15,46.990002
2019-03-18,46.849998
2019-03-19,46.98
2019-03-20,47.099998
2019-03-21,48.07
2019-03-22,46.049999
2019-03-25,45.950001
2019-03-26,46.150002
2019-03-27,45.650002
2019-03-28,46.139999
2019-03-29,46.73
2019-04-01,47.43
2019-04-02,47.810001
2019-04-03,48.779999
2019-04-04,48.130001
2019-04-05,48.91
2019-04-08,48.810001
2019-04-09,48.299999
2019-04-10,48.98
2019-04-11,48.349998
2019-04-12,48.459999
2019-04-15,47.950001
2019-04-16,48.279999
2019-04-17,47.049999
2019-04-18,47.09
2019-04-22,47.25
2019-04-23,48.43
2019-04-24,48.009998
2019-04-25,47.580002
2019-04-26,47.689999
2019-04-29,47.790001
2019-04-30,47.220001
2019-05-01,46.779999
2019-05-02,47.009998
2019-05-03,48.389999
2019-05-06,48.82
2019-05-07,47.299999
2019-05-08,46.43
2019-05-09,46.029999
2019-05-10,46.240002
2019-05-13,43.689999
2019-05-14,44.529999
2019-05-15,45.07
2019-05-16,45.279999
2019-05-17,43.959999
2019-05-20,42.93
2019-05-21,43.900002
2019-05-22,43.23
2019-05-23,42.040001
2019-05-24,42.139999
2019-05-28,41.889999
2019-05-29,41.52
2019-05-30,41.810001
2019-05-31,40.73
2019-06-03,40.139999
2019-06-04,41.799999
2019-06-05,42.110001
2019-06-06,42.130001
2019-06-07,43.209999
2019-06-10,43.619999
2019-06-11,43.299999
2019-06-12,43.150002
2019-06-13,43.68
2019-06-14,43.07
2019-06-17,44.41
2019-06-18,45.110001
2019-06-19,45.27
2019-06-20,45.330002
2019-06-21,45.439999
2019-06-24,44.790001
2019-06-25,44.459999
2019-06-26,44.689999
2019-06-27,45.82
2019-06-28,47.98
2019-07-01,47.919998
2019-07-02,47.439999
2019-07-03,48.060001
2019-07-05,47.799999
2019-07-08,47.349998
2019-07-09,48.25
2019-07-10,48.580002
2019-07-11,48.610001
2019-07-12,48.459999
2019-07-15,48.669998
2019-07-16,48.369999
2019-07-17,48.599998
2019-07-18,48.830002
2019-07-19,48.290001
2019-07-22,48.740002
2019-07-23,48.900002
2019-07-24,49.919998
2019-07-25,48.259998
2019-07-26,49.349998
2019-07-29,49.130001
2019-07-30,49.610001
2019-07-31,48.459999
2019-08-01,47.720001
2019-08-02,46.119999
2019-08-05,44.16
2019-08-06,44.560001
2019-08-07,45.130001
2019-08-08,45.889999
2019-08-09,45.27
2019-08-12,44.334
2019-08-13,45.23
2019-08-14,43.639999
2019-08-15,43.560001
2019-08-16,44.689999
2019-08-19,45.549999
2019-08-20,45.259998
2019-08-21,45.66
2019-08-22,44.990002
2019-08-23,43.509998
2019-08-26,43.790001
2019-08-27,43.119999
2019-08-28,43.380001
2019-08-29,44.18
2019-08-30,44.32
2019-09-03,43.27
2019-09-04,43.34
2019-09-05,44.040001
2019-09-06,43.939999
2019-09-09,43.810001
2019-09-10,44.349998
2019-09-11,45.540001
2019-09-12,45.5
2019-09-13,45.25
2019-09-16,45.400002
2019-09-17,45.5
2019-09-18,45.040001
2019-09-19,44.849998
2019-09-20,44.740002
2019-09-23,44.540001
2019-09-24,43.040001
2019-09-25,43.139999
2019-09-26,43.07
2019-09-27,42.639999
2019-09-30,42.889999
2019-10-01,41.900002
2019-10-02,41.27
2019-10-03,41.529999
2019-10-04,41.970001
2019-10-07,42.029999
2019-10-08,40.619999
2019-10-09,41.189999
2019-10-10,41.279999
2019-10-11,41.93
2019-10-14,42.259998
2019-10-15,43.150002
2019-10-16,42.799999
2019-10-17,42.881001
2019-10-18,41.93
2019-10-21,42.41
2019-10-22,41.93
2019-10-23,41.759998
2019-10-24,42.650002
2019-10-25,43.52
2019-10-28,44.639999
2019-10-29,44.32
2019-10-30,44.369999
2019-10-31,44.23
2019-11-01,45.23
2019-11-04,45.48
2019-11-05,45.389999
2019-11-06,45.220001
2019-11-07,45.209999
2019-11-08,45.849998
2019-11-11,46.32
2019-11-12,46.650002
2019-11-13,46.369999
2019-11-14,46.560001
2019-11-15,47.400002
2019-11-18,47.400002
2019-11-19,48.450001
2019-11-20,48.43
2019-11-21,48.150002
2019-11-22,48.419998
2019-11-25,49.669998
2019-11-26,50
2019-11-27,50.23
2019-11-29,50.43
2019-12-02,48.959999
2019-12-03,49.09
2019-12-04,49.189999
2019-12-05,48.959999
2019-12-06,49.459999
2019-12-09,49.049999
2019-12-10,49.259998
2019-12-11,48.970001
2019-12-12,49.400002
2019-12-13,49.099998
2019-12-16,50.23
2019-12-17,50.18
2019-12-18,50.540001
2019-12-19,50.869999
2019-12-20,50.959999
2019-12-23,51.59
2019-12-24,51.82
2019-12-26,51.77
2019-12-27,51.139999
2019-12-30,49.740002
2019-12-31,50.049999
2020-01-02,50.5
2020-01-03,50.130001
2020-01-06,50.52
2020-01-07,51.139999
2020-01-08,52.290001
2020-01-09,52.349998
2020-01-10,51.970001
2020-01-13,53.040001
2020-01-14,53.259998
2020-01-15,53.43
2020-01-16,54.009998
2020-01-17,53.669998
2020-01-21,53.59
2020-01-22,53.84
2020-01-23,53.799999
2020-01-24,52.799999
2020-01-27,51.849998
2020-01-28,52.82
2020-01-29,52.849998
2020-01-30,52.950001
2020-01-31,51.799999
2020-02-03,53.959999
2020-02-04,56.32
2020-02-05,55.52
2020-02-06,56.169998
2020-02-07,55.84
2020-02-10,56.889999
2020-02-11,57.790001
2020-02-12,58.330002
2020-02-13,58.759998
2020-02-14,58.689999
2020-02-18,59.16
2020-02-19,60.369999
2020-02-20,59.889999
2020-02-21,58.610001
2020-02-24,56.02
2020-02-25,54.099998
2020-02-26,53.540001
2020-02-27,51.709999
2020-02-28,52.84
2020-03-02,54.080002
2020-03-03,52.990002
2020-03-04,54.790001
2020-03-05,53.509998
2020-03-06,52.110001
2020-03-09,47.779999
2020-03-10,50.049999
2020-03-11,46.939999
2020-03-12,41.029999
2020-03-13,42.900002
2020-03-16,36.220001
2020-03-17,38.23
2020-03-18,34.689999
2020-03-19,37.810001
2020-03-20,37.849998
2020-03-23,38.349998
2020-03-24,42.150002
2020-03-25,43.790001
2020-03-26,45.970001
2020-03-27,43.759998
2020-03-30,44.599998
2020-03-31,44
2020-04-01,40.240002
2020-04-02,40.490002
2020-04-03,40.200001
2020-04-06,44.18
2020-04-07,44.220001
2020-04-08,46.009998
2020-04-09,47.290001
2020-04-13,47.849998
2020-04-14,50.380001
2020-04-15,49.560001
2020-04-16,50.599998
2020-04-17,52.259998
2020-04-20,52.799999
2020-04-21,50.610001
2020-04-22,52.419998
2020-04-23,52.009998
2020-04-24,53.060001
2020-04-27,55.639999
2020-04-28,54.049999
2020-04-29,56.630001
2020-04-30,55.330002
2020-05-01,52.380001
2020-05-04,54.310001
2020-05-05,55.060001
2020-05-06,55.330002
2020-05-07,56.599998
2020-05-08,58.299999
2020-05-11,59.68
2020-05-12,58.16
2020-05-13,56.330002
2020-05-14,56.25
2020-05-15,58.09
2020-05-18,59.880001
2020-05-19,59.82
2020-05-20,61.82
2020-05-21,61.98
2020-05-22,62.759998
2020-05-26,62.900002
2020-05-27,62.509998
2020-05-28,61.75
2020-05-29,62.82
2020-06-01,64.800003
2020-06-02,65.599998
2020-06-03,65.870003
2020-06-04,63.950001
2020-06-05,64.25
2020-06-08,65.370003
2020-06-09,65.610001
2020-06-10,66.510002
2020-06-11,61.57
2020-06-12,62.419998
2020-06-15,64.639999
2020-06-16,66.690002
2020-06-17,66.5
2020-06-18,67.629997
2020-06-19,68.029999
2020-06-22,71.290001
2020-06-23,72.400002
2020-06-24,69.300003
2020-06-25,70.580002
2020-06-26,68.970001
2020-06-29,69.360001
2020-06-30,71.309998
2020-07-01,73.5
2020-07-02,74.940002
2020-07-06,77.75
2020-07-07,78.839996
2020-07-08,80.720001
2020-07-09,81.080002
2020-07-10,80.889999
2020-07-13,78.139999
2020-07-14,78.82
2020-07-15,80.93
2020-07-16,79.760002
2020-07-17,80.669998
2020-07-20,84.029999
2020-07-21,82.519997
2020-07-22,82.529999
2020-07-23,80.470001
2020-07-24,78.830002
2020-07-27,81.970001
2020-07-28,79.349998
2020-07-29,80.07
2020-07-30,80.400002
2020-07-31,80.370003
2020-08-03,83.68
2020-08-04,84.199997
2020-08-05,85.610001
2020-08-06,84.870003
2020-08-07,82.489998
2020-08-10,83.470001
2020-08-11,81.580002
2020-08-12,83.949997
2020-08-13,85.760002
2020-08-14,84.720001
2020-08-17,87.629997
2020-08-18,88.580002
2020-08-19,88.860001
2020-08-20,89.480003
2020-08-21,89.830002
2020-08-24,88.459999
2020-08-25,89.5
2020-08-26,91.400002
2020-08-27,90.769997
2020-08-28,92.360001
2020-08-31,95.330002
2020-09-01,97.209999
2020-09-02,96.970001
2020-09-03,89.809998
2020-09-04,87.050003
2020-09-08,83.099998
2020-09-09,86.580002
2020-09-10,85.839996
2020-09-11,85.349998
2020-09-14,89.089996
2020-09-15,91.830002
2020-09-16,91.639999
2020-09-17,89.300003
2020-09-18,89.879997
2020-09-21,90.580002
2020-09-22,91.709999
2020-09-23,87.949997
2020-09-24,87.900002
2020-09-25,90.75
2020-09-28,91.720001
2020-09-29,92.769997
2020-09-30,92
2020-10-01,94.540001
2020-10-02,92.32
2020-10-05,95.889999
2020-10-06,95.669998
2020-10-07,99.209999
2020-10-08,100.57
2020-10-09,102.760002
2020-10-12,102.330002
2020-10-13,104.830002
2020-10-14,103.769997
2020-10-15,102.830002
2020-10-16,102.760002
2020-10-19,102.25
2020-10-20,100.830002
2020-10-21,97.949997
2020-10-22,98.580002
2020-10-23,99.18
2020-10-26,97.199997
2020-10-27,98.629997
2020-10-28,94.75
2020-10-29,95.989998
2020-10-30,90.790001
2020-11-02,90.800003
2020-11-03,93.160004
2020-11-04,97.510002
2020-11-05,100.82
2020-11-06,102.080002
2020-11-09,97.43
2020-11-10,94.760002
2020-11-11,98.730003
2020-11-12,98.889999
2020-11-13,99.400002
2020-11-16,99.540001
2020-11-17,101.230003
2020-11-18,101.019997
2020-11-19,103.260002
2020-11-20,104.900002
2020-11-23,107.419998
2020-11-24,106.139999
2020-11-25,108.480003
2020-11-27,111.779999
2020-11-30,112.370003
2020-12-01,112.760002
2020-12-02,112.339996
2020-12-03,114.279999
2020-12-04,117.190002
2020-12-07,120.68
2020-12-08,122.169998
2020-12-09,119.980003
2020-12-10,125.199997
2020-12-11,123.870003
2020-12-14,124.25
2020-12-15,124.300003
2020-12-16,123.949997
2020-12-17,126.07
2020-12-18,127.300003
2020-12-21,131.339996
2020-12-22,135.050003
2020-12-23,134.960007
2020-12-24,133.029999
2020-12-28,129.800003
2020-12-29,124.32
2020-12-30,127.099998
2020-12-31,124.489998
2021-01-04,124.690002
2021-01-05,127.760002
2021-01-06,128.229996
2021-01-07,138.380005
2021-01-08,142.479996
2021-01-11,138.220001
2021-01-12,140.990005
2021-01-13,141.720001
2021-01-14,145.279999
2021-01-15,141.910004
2021-01-19,146.130005
2021-01-20,147.110001
2021-01-21,144.809998
2021-01-22,146.080002
2021-01-25,146.669998
2021-01-26,141.830002
2021-01-27,138.350006
2021-01-28,140.369995
2021-01-29,137.440002
2021-02-01,142.619995
2021-02-02,146.889999
2021-02-03,146.110001
2021-02-04,148.350006
2021-02-05,149.460007
2021-02-08,153.309998
2021-02-09,154.929993
2021-02-10,153.100006
2021-02-11,154.570007
2021-02-12,156.580002
2021-02-16,155.119995
2021-02-17,152.169998
2021-02-18,149.190002
2021-02-19,152.610001
2021-02-22,143.779999
2021-02-23,139.039993
2021-02-24,138.320007
2021-02-25,129.509995
2021-02-26,130.360001
2021-03-01,136.699997
2021-03-02,133.509995
2021-03-03,125.110001
2021-03-04,118.43
2021-03-05,117.07
2021-03-08,110.260002
2021-03-09,121.75
2021-03-10,121.190002
2021-03-11,128.679993
2021-03-12,126.68
2021-03-15,128.880005
2021-03-16,126.019997
2021-03-17,127.459999
2021-03-18,120.07
2021-03-19,122.360001
2021-03-22,124.720001
2021-03-23,121.699997
2021-03-24,114.779999
2021-03-25,114.419998
2021-03-26,113.970001
2021-03-29,111.169998
2021-03-30,114.419998
2021-03-31,119.949997
2021-04-01,120.849998
2021-04-05,121.639999
2021-04-06,123.830002
2021-04-07,120.82
2021-04-08,124.139999
2021-04-09,123.260002
2021-04-12,122.470001
2021-04-13,127.559998
2021-04-14,124.870003
2021-04-15,126.620003
2021-04-16,124.379997
2021-04-19,120.440002
2021-04-20,119
2021-04-21,121.82
2021-04-22,121.410004
2021-04-23,123.699997
2021-04-26,127.730003
2021-04-27,126.239998
2021-04-28,125.379997
2021-04-29,121.760002
2021-04-30,120.769997
2021-05-03,116.910004
2021-05-04,113.290001
2021-05-05,111.550003
2021-05-06,108.339996
2021-05-07,109.720001
2021-05-10,103.980003
2021-05-11,106.120003
2021-05-12,102.160004
2021-05-13,99.480003
2021-05-14,104.309998
2021-05-17,103.309998
2021-05-18,104.790001
2021-05-19,102.970001
2021-05-20,106.589996
2021-05-21,105.839996
2021-05-24,108.730003
2021-05-25,109.379997
2021-05-26,111.43
2021-05-27,112.279999
2021-05-28,112.099998
2021-06-01,111.25
2021-06-02,111.300003
2021-06-03,107.43
2021-06-04,109.510002
